,name
0,Erik Lamela
1,Phil Jones
2,Tom Cleverley
3,Nathaniel Chalobah
4,Virgil van Dijk
5,Andy Lonergan
6,Leon Balogun
7,Andy Carroll
8,Scott McTominay
9,Martin Kelly
10,Nicolás Otamendi
11,Mason Mount
12,Mesut Özil
13,Marcus Rashford
14,Scott Dann
15,Ross Barkley
16,Arthur Masuaku
17,Jordan Henderson
18,Michel Vorm
19,Benjamin Mendy
20,Aymeric Laporte
21,Diogo Dalot
22,Callum Hudson-Odoi
23,Roberto Pereyra
24,Shkodran Mustafi
25,Ryan Fredericks
26,Aaron Lennon
27,Michy Batshuayi
28,Eric Bailly
29,Lucas Digne
30,Ravel Morrison
31,DeAndre Yedlin
32,Willy Caballero
33,Karl Darlow
34,Kortney Hause
35,Jetro Willems
36,David Silva
37,Juan Mata
38,Toby Alderweireld
39,Ben Gibson
40,Callum Wilson
41,Moussa Sissoko
42,Tyrone Mings
43,Frédéric Guilbert
44,Kevin Danso
45,Calum Chambers
46,Moritz Leitner
47,Adam Lallana
48,Pierre-Emerick Aubameyang
49,Antonio Rüdiger
50,James Milner
51,Angelo Ogbonna
52,Dan Burn
53,Alex McCarthy
54,Winston Reid
55,Kieran Tierney
56,Isaac Success
57,Anwar El Ghazi
58,Jack Rodwell
59,Sead Kolasinac
60,Jack Cork
61,Jeff Hendrick
62,Maya Yoshida
63,Harry Kane
64,Nathan Redmond
65,José Izquierdo
66,Rob Holding
67,Michail Antonio
68,Ben Foster
69,Andre Gray
70,Yoshinori Muto
71,Matty James
72,Mathew Ryan
73,Chris Wood
74,Lewis Baker
75,Daryl Janmaat
76,Dele Alli
77,Serge Aurier
78,Ayoze Pérez
79,Trent Alexander-Arnold
80,Héctor Bellerín
81,Cuco Martina
82,Emerson
83,Tammy Abraham
84,Xherdan Shaqiri
85,Eric Dier
86,Nathan Aké
87,Kyle Walker-Peters
88,Adam Legzdins
89,Georginio Wijnaldum
90,Will Hughes
91,Ben Godfrey
92,Jota
93,Djibril Sidibé
94,Christian Pulisic
95,Victor Lindelöf
96,David Luiz
97,Kelechi Iheanacho
98,Gabriel Jesus
99,Jonas Lössl
100,Manuel Lanzini
101,Dean Henderson
102,Tom Heaton
103,Cenk Tosun
104,Billy Sharp
105,Ryan Bertrand
106,Jan Bednarek
107,Adrián
108,Ben Chilwell
109,Raheem Sterling
110,Kepa
111,Daniel James
112,Wes Morgan
113,Adama Traoré
114,Adama Traoré
115,Adama Traoré
116,Adama Traoré
117,Raúl Jiménez
118,N'Golo Kanté
119,Oliver McBurnie
120,Nemanja Matic
121,Douglas Luiz
122,Wayne Hennessey
123,Phil Jagielka
124,Willian
125,Glenn Murray
126,Jordan Pickford
127,Solly March
128,Ben Osborn
129,Sam McQueen
130,Kevin Long
131,Beram Kayal
132,Pedro
133,Henri Lansbury
134,Fikayo Tomori
135,Kiko Femenía
136,Ezequiel Schelotto
137,Jordon Ibe
138,Chris Mepham
139,Andrew Robertson
140,Kasper Schmeichel
141,Patrick van Aanholt
142,Daniel Bachmann
143,John Lundstram
144,Christian Fuchs
145,Callum Robinson
146,Kean Bryan
147,Anthony Martial
148,Takumi Minamino
149,Dale Stephens
150,Andros Townsend
151,Heurelho Gomes
152,James Maddison
153,Nick Pope
154,Björn Engels
155,César Azpilicueta
156,Alexandre Lacazette
157,Divock Origi
158,Mason Greenwood
159,Martin Dubravka
160,Enda Stevens
161,Abdoulaye Doucouré
162,Ruben Loftus-Cheek
163,Pablo Zabaleta
164,Ibrahim Amadou
165,Sébastien Haller
166,Moussa Djenepo
167,Andreas Pereira
168,James Tomkins
169,Kyle Walker
170,Danny Ward
171,Danny Ward
172,Danny Ward
173,Danny Ward
174,Luke Shaw
175,Stephen Henderson
176,Cédric Soares
177,Danny Ings
178,Isaac Hayden
179,Philip Billing
180,Max Meyer
181,Adam Smith
182,Maarten Stekelenburg
183,Ryan Bennett
184,Reiss Nelson
185,Onel Hernández
186,Mattéo Guendouzi
187,Riyad Mahrez
188,Claudio Bravo
189,Davinson Sánchez
190,Nathaniel Clyne
191,Alex Oxlade-Chamberlain
192,Victor Wanyama
193,Todd Cantwell
194,Fernandinho
195,Kieron Freeman
196,Keinan Davis
197,Mark Noble
198,Jamaal Lascelles
199,Daniel Amartey
200,Bernard
201,Mix Diskerud
202,Shane Duffy
203,Bailey Peacock-Farrell
204,Conor Hourihane
205,Aaron Cresswell
206,Michael Obafemi
207,Kurt Zouma
208,John Egan
209,Lucas Torreira
210,Robert Snodgrass
211,Ederson
212,Davy Pröpper
213,Jan Vertonghen
214,Paul Pogba
215,Harry Maguire
216,Lukasz Fabianski
217,Jordan Graham
218,Joel Ward
219,Johann Berg Gudmundsson
220,Felipe Anderson
221,Josh Sims
222,Dominic Calvert-Lewin
223,Jack Stephens
224,Danny Drinkwater
225,Kevin De Bruyne
226,Dennis Praet
227,Rob Elliot
228,Angeliño
229,Timothy Fosu-Mensah
230,Ezri Konsa
231,Cheikhou Kouyaté
232,Allan Saint-Maximin
233,Christian Kabasele
234,Christian Atsu
235,Jack Wilshere
236,Aaron Ramsdale
237,Richarlison
238,Alisson
239,Ryan Fraser
240,Oumar Niasse
241,Connor Wickham
242,Yves Bissouma
243,Marcos Alonso
244,Sam Byram
245,Jack Stacey
246,Juan Foyth
247,Örjan Nyland
248,Lucas Moura
249,Jack Robinson
250,Sofiane Boufal
251,James Ward-Prowse
252,Pablo Fornals
253,Andrii Yarmolenko
254,Jannik Vestergaard
255,Wilfred Ndidi
256,Alex Iwobi
257,Theo Walcott
258,Emiliano Buendía
259,Darren Randolph
260,Christian Eriksen
261,James McArthur
262,Caglar Söyüncü
263,Rúben Neves
264,Martín Montoya
265,Ahmed Elmohamady
266,Bernd Leno
267,Declan Rice
268,Morgan Gibbs-White
269,Bernardo Silva
270,Fabian Schär
271,Leroy Sané
272,André Gomes
273,James McCarthy
274,Rolando Aarons
275,João Moutinho
276,Henri Saivet
277,Dominic Solanke
278,James Justin
279,Jonny Otto
280,Mamadou Sakho
281,Shane Long
282,Michael McGovern
283,Jesse Lingard
284,Jamie Vardy
285,Sergio Agüero
286,Federico Fernández
287,Che Adams
288,Fred
289,Ainsley Maitland-Niles
290,Pepe Reina
291,Gerard Deulofeu
292,Mateo Kovacic
293,Gary Cahill
294,Muhamed Besic
295,Harry Wilson
296,Christian Benteke
297,Tom Davies
298,Oriol Romeu
299,Reece James
300,Fabinho
301,Brad Smith
302,Angus Gunn
303,Oliver Norwood
304,Vicente Guaita
305,Nabil Bentaleb
306,Jamie Sterry
307,Ryan Sessegnon
308,Jeffrey Schlupp
309,James Tarkowski
310,Olivier Giroud
311,John McGinn
312,Dwight Gayle
313,Danny Welbeck
314,Dani Ceballos
315,Morgan Schneiderlin
316,Diogo Jota
317,Mohamed Salah
318,Harry Winks
319,Carlos Sánchez
320,Javier Manquillo
321,David de Gea
322,Paul Dummett
323,Florian Lejeune
324,Matt Doherty
325,Ben Davies
326,Artur Boruc
327,Emiliano Martínez
328,Phil Foden
329,Wilfried Zaha
330,Demarai Gray
331,Joe Gomez
332,Troy Deeney
333,Giovani Lo Celso
334,Charlie Austin
335,Barry Douglas
336,Liam Moore
337,Eunan O'Kane
338,Scott Sinclair
339,Curtis Davies
340,Matty Cash
341,Kieffer Moore
342,Taylor Moore
343,Antonee Robinson
344,Tim Ream
345,Ethan Pinnock
346,Freddie Woodman
347,Aldo Kalulu
348,Callum Paterson
349,Massimo Luongo
350,Stuart Dallas
351,Sone Aluko
352,Nathan Byrne
353,Gavin Massey
354,Jefferson Montero
355,Craig Gardner
356,Emile Smith Rowe
357,Lewis Holtby
358,Alex Pritchard
359,Alan Browne
360,Ash Baker
361,Duane Holmes
362,Chris Gunter
363,Mateusz Klich
364,Kyle Naughton
365,Ikechi Anya
366,Danny Ward
367,Danny Ward
368,Danny Ward
369,Danny Ward
370,Louis Moult
371,Terence Kongolo
372,Danny Fox
373,Gary Gardner
374,Joe Bryan
375,Josh Brownhill
376,Devante Cole
377,Alexander Milosevic
378,Marcus Bettinelli
379,Kenneth Zohore
380,Toni Leistner
381,Tyrese Campbell
382,Andreas Weimann
383,Max Lowe
384,Marcus Forss
385,Charlie Owens
386,Tom Pearce
387,Denis Odoi
388,Ashley Fletcher
389,Neil Etheridge
390,Amari'i Bell
391,Dominic Samuel
392,Lee Peltier
393,Nick Powell
394,George Saville
395,Semi Ajayi
396,Tom Ince
397,Osman Kakay
398,Rudy Gestede
399,Dael Fry
400,Connor Ripley
401,Kieran Gibbs
402,Will Vaulks
403,Romaine Sawyers
404,Lewis Grabban
405,Tendayi Darikwa
406,George Evans
407,Wayne Routledge
408,Tosin Adarabioyo
409,Jonathan Bond
410,Jamal Lowe
411,George Byers
412,George Puscas
413,Danny Batth
414,Neeskens Kebano
415,Kamil Grosicki
416,Stephen Kingsley
417,Ben Wilmot
418,Omar Richards
419,Garath McCleary
420,Hal Robson-Kanu
421,Lee Tomlin
422,Wayne Rooney
423,Josh Harrop
424,Tomás Mejías
425,Bradley Johnson
426,Charlie Adam
427,Matt Grimes
428,Josh Onomah
429,Fraizer Campbell
430,Matthew Pennington
431,Tommy Elphick
432,André Ayew
433,Ivan Cavaleiro
434,Jacob Murphy
435,Kasey Palmer
436,Charlie Mulgrew
437,Andre Wisdom
438,Matthew Connolly
439,Lee Evans
440,Tennai Watson
441,Morgan Fox
442,Joel Coleman
443,Julian Jeanvier
444,David Nugent
445,Carl Jenkinson
446,David Bates
447,Josh Windass
448,Geoff Cameron
449,Jacques Maghoma
450,Lukas Jutkiewicz
451,Pontus Jansson
452,Adam Federici
453,Ali Al-Habsi
454,Michael Hefele
455,Tom Huddlestone
456,Josh Magennis
457,Fran Villalba
458,Fran Villalba
459,Fran Villalba
460,Fran Villalba
461,John Bostock
462,Kalvin Phillips
463,Mason Bennett
464,Reece Burke
465,Tom Lawrence
466,Tyler Roberts
467,Patrick Bamford
468,Elliott Bennett
469,Jack Harrison
470,Jay Fulton
471,Tom Cairney
472,Martyn Waghorn
473,Lee Gregory
474,Anthony Pilkington
475,Eberechi Eze
476,Josh Murphy
477,Dominic Iorfa
478,Matt Miazga
479,John Swift
480,Barry Bannan
481,Samy Morsy
482,Hélder Costa
483,Sam Winnall
484,Christian Walton
485,Michael Jacobs
486,Danny Graham
487,Joe Williams
488,Junior Hoilett
489,Marvin Johnson
490,Lukas Nmecha
491,Danny Loader
492,Josh McEachran
493,Florian Jozefzoon
494,Callum Elder
495,Cyrus Christie
496,Steven Fletcher
497,Ahmed Hegazy
498,Matt Clarke
499,Rafael
500,Sean Morrison
501,George Honeyman
502,Jake Livermore
503,Thibaud Verlinden
504,Kiko Casilla
505,Harry Chapman
506,David Davis
507,Jean-Kévin Augustin
508,Adam Armstrong
509,Trevoh Chalobah
510,Andy King
511,Luca de la Torre
512,Jordan Obita
513,Todd Kane
514,Mame Diouf
515,Jayden Bogle
516,Florent Hadergjonaj
517,Britt Assombalonga
518,Derrick Williams
519,Patrick Roberts
520,Darnell Furlong
521,Maxime Colin
522,Zach Clough
523,Ben Hamer
524,Kieran Dowell
525,Joshua Da Silva
526,Michael Hector
527,Andy Rinomhota
528,Ben Brereton
529,Jamie Jones
530,Olamide Shodipo
531,Jamie Paterson
532,Martin Samuelsen
533,Kadeem Harris
534,Yoann Barbet
535,Richard Stearman
536,Tom Edwards
537,Declan John
538,Harry Toffolo
539,Tom Field
540,Andrew Hughes
541,Pablo Hernández
542,Aden Flint
543,Danny Simpson
544,Jack Hunt
545,Adam Clayton
546,Jack Butland
547,Jordan Archer
548,Nathaniel Mendez-Laing
549,Paul Gallagher
550,Scott Malone
551,Kevin Stewart
552,Karlan Grant
553,Borja Bastón
554,Tom Carroll
555,Sam Johnstone
556,Bobby Reid
557,Luke Daniels
558,Nathan Baker
559,Sean Maguire
560,Bradley Dack
561,Elias Kachunga
562,Ryan Manning
563,Patrick Bauer
564,Kelle Roos
565,Richard Smallwood
566,Ellery Balcombe
567,Callum O'Dowda
568,Angus MacDonald
569,Sebastian Eriksson
570,Chris Smalling
571,William Troost-Ekong
572,Silvio Proto
573,Federico Dimarco
574,Birkir Bjarnason
575,Javier Pastore
576,Danilo Cataldi
577,Albin Ekdal
578,Marko Pjaca
579,Asmir Begovic
580,Giorgio Chiellini
581,Iago Falque
582,Radja Nainggolan
583,José Callejón
584,Juan Jesus
585,Arkadiusz Milik
586,Federico Peluso
587,Paulo Dybala
588,Matteo Politano
589,Mario Balotelli
590,Merih Demiral
591,Ola Aina
592,Ashley Young
593,Kalidou Koulibaly
594,Alfred Duncan
595,Andrea Belotti
596,Douglas Costa
597,Adrien Rabiot
598,Andrea Petagna
599,Miguel Veloso
600,Koray Günter
601,Lorenzo Tonelli
602,Henrikh Mkhitaryan
603,Danilo D'Ambrosio
604,Joseph Marie Minala
605,Nicola Murru
606,Samu Castillejo
607,Koffi Djidji
608,Victor Moses
609,Hirving Lozano
610,Fabián Ruiz
611,Antonio Mirante
612,Riccardo Saponara
613,Andrea Ranocchia
614,Theo Hernández
615,Andrea Bertolacci
616,Alessandro Florenzi
617,Domenico Criscito
618,Davide Zappacosta
619,Kevin-Prince Boateng
620,Daniele Baselli
621,Etrit Berisha
622,Borja Valero
623,Daniele Rugani
624,Cristian Romero
625,Giannelli Imbula
626,Romelu Lukaku
627,Rômulo
628,Lucas Paquetá
629,Davide Biraschi
630,Lennart Czyborra
631,Cristiano Ronaldo
632,Luis Muriel
633,Nikola Kalinic
634,Federico Marchetti
635,Manolo Gabbiadini
636,Mateo Musacchio
637,Giovanni Simeone
638,Marten de Roon
639,Maximiliano Olivera
640,Zlatan Ibrahimovic
641,Federico Bonazzoli
642,Ciro Immobile
643,Simone Zaza
644,Faouzi Ghoulam
645,Gianluca Caprari
646,Felipe Caicedo
647,Amin Younes
648,Salvatore Bocchetti
649,Seko Fofana
650,Tomás Rincón
651,Jacopo Sala
652,Rodrigo Bentancur
653,Matteo Darmian
654,Stefano Okaka
655,Alessandro Matri
656,Gabriel Barbosa
657,Rafael Leão
658,Guido Guerrieri
659,Lyanco
660,Lorenzo De Silvestri
661,Pau López
662,Dodô
663,Jordan Lukaku
664,Giacomo Bonaventura
665,Tommaso Berni
666,Suso
667,Emil Audero
668,Miralem Pjanic
669,Rolando Mandragora
670,Edin Dzeko
671,Jeremie Boga
672,Karol Linetty
673,Franck Ribéry
674,Juan Cuadrado
675,Bryan Cristante
676,Blaise Matuidi
677,Morten Thorsby
678,Fabio Borini
679,Gianluigi Buffon
680,Fernando Llorente
681,Omar Colley
682,Filippo Falco
683,Bram Nuytinck
684,Bartosz Bereszynski
685,Marlon
686,Gervinho
687,Hakan Calhanoglu
688,Stefano Sturaro
689,Diego Perotti
690,Federico Ceccherini
691,Filip Djuricic
692,Simon Kjaer
693,Bryan Dabo
694,Antonio Sanabria
695,Daniel Fuzato
696,Kwadwo Asamoah
697,Sami Khedira
698,Salvatore Sirigu
699,Joaquín Correa
700,Mattia Perin
701,Pedro Obiang
702,Federico Fazio
703,Andrea Poli
704,Gianluigi Donnarumma
705,Giulio Donati
706,Jony
707,Matías Vecino
708,Ronaldo Vieira
709,Fabio Quagliarella
710,Mattia Destro
711,Gonzalo Higuaín
712,Senad Lulic
713,Stefan de Vrij
714,Ibrahima Mbaye
715,Patric
716,Davide Calabria
717,Alexis Sánchez
718,Armando Izzo
719,Lorenzo Insigne
720,Gastón Brugman
721,Valon Behrami
722,Gabriel
723,Vittorio Parigini
724,Cengiz Ünder
725,Mattia De Sciglio
726,Federico Chiesa
727,Bartosz Salamon
728,Leonardo Bonucci
729,Aleksandar Kolarov
730,Wojciech Szczesny
731,Luis Alberto
732,Christian Kouamé
733,Matthijs de Ligt
734,Pierluigi Gollini
735,Aaron Ramsey
736,Rodrigo de Paul
737,Ken Sema
738,Dries Mertens
739,Nenad Tomović
740,Diego Godín
741,Jesse Joronen
742,Alessandro Murgia
743,Kévin Malcuit
744,Lucas Leiva
745,Roberto Gagliardini
746,Gary Medel
747,Alberto Paloschi
748,Tomasz Kupisz
749,Andrea Tabanelli
750,Jonathan Biabiany
751,Michele Cavion
752,Luca Crecco
753,Alberto Brignoli
754,Paolo Fernandes
755,Lorenzo Ariaudo
756,Moreno Rutten
757,Nicolò Brighenti
758,Hugo Campagnaro
759,Luca Marrone
760,Jaime Báez
761,Riccardo Meggiorini
762,Francesco Di Mariano
763,Alberto Paleari
764,Filip Djordjevic
765,Kingsley Boateng
766,Andrija Novakovich
767,Gennaro Tutino
768,Nicolás Spolli
769,Amato Ciciretti
770,Emmanuel Rivière
771,Maxi López
772,Gaetano Monachello
773,Filippo Perucchini
774,Luca Palmiero
775,Gabriele Angella
776,DJ Buffonge
777,Ahmad Benali
778,Nikita Contini
779,Joel Obi
780,Liam Henderson
781,Achraf Lazaar
782,Alessio Cerci
783,Robert Gucher
784,Emanuele Terranova
785,Nicola Leali
786,Luca Caldirola
787,Marcos Llorente
788,Saúl Ñíguez
789,Marc Cucurella
790,Martin Braithwaite
791,Nacho
792,Aarón Escandell
793,Éver Banega
794,Darwin Machís
795,Mouctar Diakhaby
796,Sergio León
797,Geoffrey Kondogbia
798,Carlos Clerc
799,Javi López
800,David López
801,Joselu
802,Fabri
803,Marko Dmitrovic
804,Lucas Vázquez
805,Sergi Gómez
806,Sergi Enrich
807,Arthur
808,José Gayà
809,Bernardo Espinosa
810,Jeison Murillo
811,Raúl García
812,Nabil Fekir
813,João Félix
814,Sergio Asenjo
815,Sebastián Cristóforo
816,Marc-André ter Stegen
817,Guido Carrillo
818,Lucas Pérez
819,Vinícius Júnior
820,Jonathan Calleri
821,Charles
822,Maxime Gonalons
823,Pedro Bigas
824,Dimitri Foulquier
825,Gareth Bale
826,Carles Aleñá
827,Sergio Postigo
828,Jordi Alba
829,Carlos Soler
830,Sergio Escudero
831,Gonçalo Guedes
832,Mariano Díaz
833,Juanmi
834,Mauro Arambarri
835,Thibaut Courtois
836,Rodrigo
837,Nemanja Gudelj
838,Neto
839,Gerard Moreno
840,Gerard Piqué
841,Pere Pons
842,Mario Gaspar
843,Takashi Inui
844,Iago Herrerín
845,Roger Martí
846,Éder Militão
847,Fernando Pacheco
848,Daniel Carvajal
849,Samuel Umtiti
850,Diego Lainez
851,Adrián López
852,Allan Nyom
853,Kévin Gameiro
854,Ander Capa
855,Quini
856,Roberto Soldado
857,Thomas
858,Jasper Cillessen
859,Aïssa Mandi
860,Ángel Correa
861,Alphonse Areola
862,Pau Torres
863,Rony Lopes
864,Rober Pier
865,Kenneth Omeruo
866,Iñaki Williams
867,Rafinha
868,Óscar de Marcos
869,Júnior Firpo
870,Antonio Barragán
871,Antoine Griezmann
872,Luis Suárez
873,Ander Iturraspe
874,Eliaquim Mangala
875,Marc Bartra
876,Alejandro Pozo
877,Fernando
878,Roberto Correa
879,Sandro Ramírez
880,Rúben Vezo
881,Dani Parejo
882,Marco Asensio
883,Sergio Canales
884,Ramiro Funes Mori
885,Rubén Rochina
886,Karim Benzema
887,Lucas Ocampos
888,Nacho Martínez
889,Munir El Haddadi
890,Federico Valverde
891,Javi Ontiveros
892,Kieran Trippier
893,Álex Martínez
894,Loren Morón
895,Óliver Torres
896,Toni Lato
897,Ferran Torres
898,Andrés Fernández
899,Cristian Tello
900,Jonathan Silva
901,Oghenekaro Etebo
902,Oliver Burke
903,Clément Lenglet
904,William Carvalho
905,Antonio Adán
906,Jaume Doménech
907,Toño
908,Ferland Mendy
909,Arturo Vidal
910,Xavi Quintillà
911,Raúl Albiol
912,Jaume Costa
913,Ibai Gómez
914,Aridane Hernández
915,Dani García
916,Koke
917,Rodrygo
918,Facundo Roncaglia
919,Nacho Vidal
920,Maxi Gómez
921,Samu Chukwueze
922,Alberto Moreno
923,Nélson Semedo
924,Lucas Olaza
925,Denis Suárez
926,Andrés Guardado
927,Mikel San José
928,Raphaël Varane
929,Roque Mesa
930,Pablo Chavarría
931,David Timor
932,Ousmane Dembélé
933,Javi García
934,Diego López
935,Esteban Granero
936,Joaquín Fernández
937,Sergio Reguilón
938,Santi Cazorla
939,Alfonso Pedraza
940,Fran Beltrán
941,Luuk de Jong
942,Coke
943,Luka Modric
944,Reinier
945,Brahim Díaz
946,Diego Costa
947,Tomas Vaclik
948,Cucho Hernández
949,Marcelo
950,Marcelo
951,Marcelo
952,Marcelo
953,Carlos Bacca
954,Iker Muniain
955,Casemiro
956,Ezequiel Garay
957,Joel Robles
958,Moussa Wagué
959,José Giménez
960,Jesús Vallejo
961,Renan Lodi
962,Adrián Embarba
963,Vitolo
964,Mathí­as Olivera
965,Franco Vázquez
966,Álvaro Morata
967,Isco
968,Okay Yokuslu
969,Sébastien Corchia
970,Jesús Navas
971,Raúl de Tomás
972,Youssef En-Nesyri
973,Gabriel Fernández
974,Toni Kroos
975,Borja Mayoral
976,James Rodríguez
977,Vicente Iborra
978,Roberto
979,Amath Ndiaye
980,Abdul Rahman Baba
981,Sergi Darder
982,Eden Hazard
983,Borja Iglesias
984,Santiago Arias
985,Sergio Ramos
986,Santi Mina
987,Iago Aspas
988,Chidozie Awaziem
989,Yangel Herrera
990,Francisco Portillo
991,Iñigo Martínez
992,Jorge Sáenz
993,Arda Turan
994,Mario Hermoso
995,Rodrigo Tarín
996,Bryan Gil
997,Denis Cheryshev
998,Ivan Rakitic
999,David Soria
1000,Sergi Roberto
1001,Pedro León
1002,Héctor Herrera
1003,Beñat Etxebarria
1004,Jack Harper
1005,Nacho Méndez
1006,Slavoljub Srnic
1007,Shaq Moore
1008,Christian Santos
1009,Iván Balliu
1010,Gerard Gumbau
1011,Pedro Mosquera
1012,David Rocha
1013,Mamadou Koné
1014,Adrián Ortolá
1015,Samu Sáiz
1016,Suso Santana
1017,Isma Cerro
1018,Cristhian Stuani
1019,Juan Muñoz
1020,Luis Pérez
1021,Dani Hernández
1022,Borja Lasso
1023,Giovanni Zarfino
1024,Choco Lozano
1025,Ariday Cabrera
1026,Ager Aketxe
1027,Abdoulaye Ba
1028,Fabián Noguera
1029,Emre Colak
1030,Mikel Villanueva
1031,Roberto Canella
1032,Santiago Bueno
1033,Bernardo Cruz
1034,Valentín Vada
1035,Alex Alegría
1036,Tomas Pekhart
1037,Álex Blanco
1038,Wilfrid Kaptoum
1039,Mathieu Peybernes
1040,Cheick Doukouré
1041,Manu García
1042,Miguel Cifuentes
1043,Álvaro Vázquez
1044,Luis Milla
1045,Jonás Ramalho
1046,Borja López
1047,Hernán
1048,David Simón
1049,Francisco Montero
1050,Aythami Artiles
1051,Alberto Jiménez
1052,Darwin Núñez
1053,Adrián González
1054,Leonardo Capezzi
1055,Mario Suárez
1056,Jonathan Soriano
1057,Yoel Bárcenas
1058,Juanjo Narváez
1059,Pablo Insua
1060,Fran Villalba
1061,Fran Villalba
1062,Fran Villalba
1063,Fran Villalba
1064,Sergio Sánchez
1065,José Aurelio Suárez
1066,Roberto Santamaría
1067,Vicente Gómez
1068,Tana
1069,Víctor Mollejo
1070,Arvin Appiah
1071,Shinji Okazaki
1072,Aday
1073,Carlos Ruiz
1074,Josan
1075,Nano Mesa
1076,José Rodríguez
1077,Rubén Yáñez
1078,Johan Mojica
1079,Gerard Valentín
1080,Sergio Araujo
1081,Carlos Akapo
1082,Javi Castellano
1083,Derik Osede
1084,Brandon
1085,Dani Pacheco
1086,Beto da Silva
1087,Jozabed Sánchez
1088,Raphael Dwamena
1089,Shinji Kagawa
1090,Yacine Qasmi
1091,Juan Cala
1092,Luis Advíncula
1093,Brian Oliván
1094,Jean-Pierre Rhyner
1095,Manu Barreiro
1096,Ibrahima Traoré
1097,Marius Wolf
1098,Rabbi Matondo
1099,Andreas Luthe
1100,Mats Hummels
1101,Yann Sommer
1102,David Alaba
1103,Matthias Ginter
1104,Axel Witsel
1105,Mitchell Weiser
1106,Thomas Kessler
1107,Gonçalo Paciência
1108,Leonardo Balerdi
1109,Fabian Johnson
1110,Jakob Busk
1111,Tobias Sippel
1112,Ermin Bicakcic
1113,Weston McKennie
1114,Mario Götze
1115,Philippe Coutinho
1116,Jonathan Tah
1117,Jeffrey Bruma
1118,Emil Forsberg
1119,Josuha Guilavogui
1120,Marcel Tisserand
1121,Kai Havertz
1122,Sebastian Rode
1123,Leon Bailey
1124,Reece Oxford
1125,Jérôme Boateng
1126,Daley Sinkgraven
1127,Christopher Nkunku
1128,Jadon Sancho
1129,Kevin Volland
1130,Kevin Mbabu
1131,Keanan Bennetts
1132,Lucas Hernández
1133,Uwe Hünemeier
1134,Sebastian Polter
1135,Thiago
1136,Álvaro Odriozola
1137,Koen Casteels
1138,Dani Olmo
1139,Serge Gnabry
1140,Achraf Hakimi
1141,Karim Bellarabi
1142,Havard Nordtveit
1143,Lucas Alario
1144,Tony Jantschke
1145,Tyler Adams
1146,Corentin Tolisso
1147,Alfred Finnbogason
1148,Felix Kroos
1149,Marcel Schmelzer
1150,Paulinho
1151,Joshua Brenet
1152,Nordi Mukiele
1153,Anthony Modeste
1154,Marcel Sabitzer
1155,Stefanos Kapino
1156,Jürgen Locadia
1157,Julian Brandt
1158,Yunus Malli
1159,Marwin Hitz
1160,Salomon Kalou
1161,Theodor Gebre Selassie
1162,Raphaël Guerreiro
1163,Oscar Wendt
1164,Josh Sargent
1165,Thorgan Hazard
1166,Alphonso Davies
1167,Lars Stindl
1168,Sergio Córdova
1169,Per Ciljan Skjelbred
1170,Benito Raman
1171,Ihlas Bebou
1172,Babacar Gueye
1173,Robert Lewandowski
1174,Sebastian Rudy
1175,John Anthony Brooks
1176,Davie Selke
1177,Anthony Ujah
1178,Leonardo Bittencourt
1179,Lukas Klostermann
1180,Charles Aránguiz
1181,Karim Rekik
1182,Andrej Kramaric
1183,Javi Martínez
1184,Thomas Müller
1185,Paco Alcácer
1186,Neven Subotic
1187,Marco Reus
1188,Ademola Lookman
1189,Yannick Gerhardt
1190,Jean-Clair Todibo
1191,Manuel Neuer
1192,Yussuf Poulsen
1193,Jonathan de Guzmán
1194,Jhon Córdoba
1195,Julian Schieber
1196,Almamy Touré
1197,Jacob Bruun Larsen
1198,Rafal Gikiewicz
1199,Kevin Kampl
1200,Bernard Tekpetey
1201,Zack Steffen
1202,Christian Strohdiek
1203,Marcus Thuram
1204,Gelson Fernandes
1205,Claudio Pizarro
1206,Steven Zuber
1207,Omar Mascarell
1208,Benjamin Pavard
1209,Alfredo Morales
1210,Yvon Mvogo
1211,Davy Klaassen
1212,Markus Suttner
1213,Jeremiah St. Juste
1214,Amine Harit
1215,Jorge Meré
1216,Carlos Gruezo
1217,André Silva
1218,Roman Bürki
1219,Simon Zoller
1220,Federico Palacios
1221,Wataru Endo
1222,John Guidetti
1223,Genki Haraguchi
1224,Patrick Fabian
1225,Johannes van den Bergh
1226,Heinz Lindner
1227,Seung-ho Paik
1228,Joel Pohjanpalo
1229,Serdar Dursun
1230,Branimir Hrgota
1231,Florian Ballas
1232,Julian Green
1233,Kevin Friesenbichler
1234,Jairo Samperio
1235,Enrico Valentini
1236,Rúrik Gíslason
1237,Konstantinos Mavropanos
1238,Felix Platte
1239,Reinhold Yabo
1240,Julian Korb
1241,Mario Gómez
1242,Bobby Wood
1243,Miiko Albornoz
1244,Cristian Gamboa
1245,Holger Badstuber
1246,Marco Djuricin
1247,Sebastian Soto
1248,Martin Männel
1249,Philipp Klewin
1250,Patrick Ebert
1251,Martin Hansen
1252,Nunoo Sarpei
1253,Aleksandar Ignjovski
1254,Steven Moreira
1255,Dante
1256,Keita Baldé
1257,Andy Delort
1258,Léo Dubois
1259,Adama Traoré
1260,Adama Traoré
1261,Adama Traoré
1262,Adama Traoré
1263,Max Gradel
1264,Kelvin Amian
1265,Irvin Cardona
1266,Thomas Meunier
1267,Islam Slimani
1268,François Kamano
1269,Wissam Ben Yedder
1270,Marquinhos
1271,Mathieu Dossevi
1272,Neymar
1273,Stevan Jovetic
1274,Pablo Sarabia
1275,Moussa Sylla
1276,Thiago Silva
1277,Molla Wagué
1278,Pablo Martinez
1279,Valentin Rongier
1280,Moussa Dembélé
1281,Jordan Siebatcheu
1282,Jérémy Gelin
1283,Morgan Sanson
1284,Kylian Mbappé
1285,Paul Bernardoni
1286,Álvaro González
1287,Edinson Cavani
1288,Benjamin Bourigeaud
1289,Vincent Pajot
1290,Hamza Mendyl
1291,Joris Gnagnon
1292,Kamil Glik
1293,Damien Le Tallec
1294,Pedro Mendes
1295,Loïc Badiashile
1296,Marcus Coco
1297,Gelson Martins
1298,Walter Benítez
1299,Amine Gouiri
1300,Théo Pellenard
1301,Grégory Sertic
1302,Kevin Strootman
1303,Sergio Rico
1304,Mike Maignan
1305,Marcelo
1306,Marcelo
1307,Marcelo
1308,Marcelo
1309,Mathieu Debuchy
1310,Loris Benito
1311,Yusuf Yazici
1312,Darío Benedetto
1313,Leandro Paredes
1314,Gerónimo Rulli
1315,Mathias Autret
1316,M'Baye Niang
1317,Moussa Konaté
1318,Moses Simon
1319,Benoît Badiashile
1320,Oumar Solet
1321,Ambroise Oyongo
1322,Thierry Ambrose
1323,Bouna Sarr
1324,Florent Balmont
1325,Adrien Hunou
1326,Aurélien Chedjou
1327,Alexis Blin
1328,Stiven Mendoza
1329,Fodé Ballo-Touré
1330,Serhou Guirassy
1331,Stephy Mavididi
1332,Timothée Kolodziejczak
1333,Tiemoué Bakayoko
1334,Faitout Maouassa
1335,Dimitri Payet
1336,Sergi Palencia
1337,Steve Mandanda
1338,Layvin Kurzawa
1339,Gabriel Boschilia
1340,Romain Amalfitano
1341,Arnaud Lusamba
1342,Martin Terrier
1343,Yaya Sanogo
1344,Valère Germain
1345,Ludovic Blas
1346,Hiroki Sakai
1347,Opa Nguette
1348,Rafik Guitane
1349,Jonathan Bamba
1350,Memphis Depay
1351,Lionel Carole
1352,Idrissa Gueye
1353,Kévin N'Doram
1354,Ryad Boudebouz
1355,Gaëtan Charbonnier
1356,Renato Sanches
1357,Eduardo Camavinga
1358,Jérémy Pied
1359,Charles Traoré
1360,Pierre Lees Melou
1361,Jordan Amavi
1362,Maxime López
1363,Lucas Tousart
1364,Baptiste Reynet
1365,Adrien Silva
1366,Josh Maja
1367,Matthieu Udol
1368,Alexandre Oukidja
1369,Benjamin Lecomte
1370,Zeki Celik
1371,Loïc Perrin
1372,Juan Bernat
1373,Denis Bouanga
1374,Stéphane Bahoken
1375,Alfred Gomis
1376,Sanjin Prcic
1377,Colin Dagba
1378,Alban Lafont
1379,Sofiane Alakouch
1380,Laurent Koscielny
1381,William Vainqueur
1382,Danijel Subasic
1383,Marcin Bulka
1384,Wylan Cyprien
1385,Lebo Mothiba
1386,Clément Grenier
1387,Ander Herrera
1388,Keylor Navas
1389,Pablo
1390,Cesc Fàbregas
1391,Renaud Emond
1392,Cristian Battocchio
1393,Myziane Maolida
1394,Bilal Boutobba
1395,Léo Lacroix
1396,Florian Thauvin
1397,Mauro Icardi
1398,Enock Kwateng
1399,Gaël Kakuta
1400,Thilo Kehrer
1401,Jérémy Morel
1402,Alexander Djiku
1403,Dennis Appiah
1404,Riza Durmisi
1405,Yohan Cabaye
1406,Mehdi Abeid
1407,Guillaume Gillet
1408,Jérôme Prior
1409,Alexis Alégué
1410,Jérémy Ménez
1411,Alexandre Coeff
1412,Chris Bedia
1413,Morgan Poaty
1414,Pape Souaré
1415,Thomas Touré
1416,Olivier Kemen
1417,Pierrick Valdivia
1418,Rayan Raveloson
1419,Joris Correa
1420,Lebogang Phiri
1421,Paul Nardi
1422,Gaëtan Bussmann
1423,Simon Banza
1424,Jessy Pi
1425,Aloïs Confais
1426,Mathieu Michel
1427,Mouaad Madri
1428,Felipe Saad
1429,Sofiane Diop
1430,Younès Kaabouni
1431,Yeni N'Gbakoto
1432,Massadio Haidara
1433,Gaëtan Robail
1434,Quentin Braat
